{
    "description": "The 18-panel layout for documents like QR-IFU-242 R1",
    "panel_layout": {
      "1": {"page": 0, "coords": [0.0, 0.0, 353.739990234375, 505.64599609375], "orientation": "portrait"},
      "2": {"page": 0, "coords": [353.739990234375, 0.0,  707.47998046875, 505.64599609375], "orientation": "portrait"},
      "3": {"page":1,  "coords": [0.0, 0.0, 330.6499938964844, 478.4645080566406], "orientation": "landscape"},
      "4": {"page":1,  "coords": [330.6499938964844, 0.0, 661.2999877929688, 478.4645080566406], "orientation": "portrait"},
      "5": {"page":1,  "coords": [661.2999877929688, 0.0, 991.9499816894531, 478.4645080566406], "orientation": "portrait"},
      "6": {"page":1,  "coords": [991.9499816894531, 0.0, 1322.5999755859375, 478.4645080566406], "orientation": "portrait"},
      "7": {"page":1,  "coords": [0.0, 478.4645080566406, 330.6499938964844, 940.9290161132812], "orientation": "portrait"},
      "8": {"page":1,  "coords": [330.6499938964844, 478.4645080566406, 661.2999877929688, 940.9290161132812], "orientation": "portrait"},
      "9": {"page":1,  "coords": [661.2999877929688, 478.4645080566406, 991.9499816894531, 956.9290161132812], "orientation": "portrait"},
      "10":{
            "page":1,  
            "coords": [991.9499816894531, 478.4645080566406, 1322.5999755859375, 940.9290161132812], 
            "orientation": "portrait",
            "columns": [
              {"coords": [991, 478, 1100, 940]},
              {"coords": [1100, 478, 1322, 940]}
            ]
          },
      "11":{"page":2,  "coords": [0.0, 0.0, 330.6499938964844, 478.4645080566406], "orientation": "landscape"},
      "12":{"page":2,  "coords": [330.6499938964844, 0.0, 661.2999877929688, 460.4645080566406], "orientation": "portrait"},
      "13":{"page":2,  "coords": [661.2999877929688, 0.0, 991.9499816894531, 478.4645080566406], "orientation": "portrait"},
      "14":{"page":2,  "coords": [991.9499816894531, 0.0, 1322.5999755859375, 478.4645080566406], "orientation": "portrait"},
      "15":{"page":2,  "coords": [0.0, 478.4645080566406, 330.6499938964844, 940.9290161132812], "orientation": "portrait"},
      "16":{"page":2,  "coords": [330.6499938964844, 478.4645080566406, 661.2999877929688, 956.9290161132812], "orientation": "portrait"},
      "17":{"page":2,  "coords": [661.2999877929688, 478.4645080566406, 991.9499816894531, 956.9290161132812], "orientation": "portrait"},
      "18":{
            "page":2,
            "coords": [991.9499816894531, 478.4645080566406, 1322.5999755859375, 940.9290161132812], 
            "orientation": "portrait",
            "columns": [
              {"coords": [991, 478, 1100, 940]},
              {"coords": [1100, 478, 1614.766642252604, 940]}
            ]
      }
    },
    "panel_types": {
        "metadata": [1,2],
        "title_page_en": [3],
        "title_page_es": [11],
        "instructional_panels_en": [4, 5, 6, 7, 8, 10],
        "instructional_panels_es":[12, 13, 14, 15, 16, 17],
        "regulatory_panels_en": [10],
        "regulatory_panels_es": [18]
    }
}