{
    "description": "The 22-panel layout for documents like QR-IFU-098 R3",
    "panel_layout": {
      "1": {"page": 0, "coords": [0.0, 0.0, 353.739990234375, 505.64599609375], "orientation": "portrait"},
      "2": {"page": 0, "coords": [353.739990234375, 0.0,  707.47998046875, 505.64599609375], "orientation": "portrait"},
      "3": {"page":1,  "coords": [0.0, 0.0, 345.9533284505208, 478.4645080566406], "orientation": "landscape"},
      "4": {"page":1,  "coords": [345.0320068359375, 0.0, 652.064013671875, 478.4645080566406], "orientation": "portrait"},
      "5": {"page":1,  "coords": [652.064013671875, 0.0, 978.0960205078126, 478.4645080566406], "orientation": "portrait"},
      "6": {"page":1,  "coords": [978.0960205078126, 0.0, 1304.12802734375, 478.4645080566406], "orientation": "portrait"},
      "7": {"page":1,  "coords": [1304.12802734375, 0.0, 1630.1600341796875, 478.4645080566406], "orientation": "portrait"},
      "8": {"page":1,  "coords": [0.0, 478.4645080566406, 326.0320068359375, 940.9290161132812], "orientation": "portrait"},
      "9": {"page":1,  "coords": [326.0320068359375, 478.4645080566406, 652.064013671875, 956.9290161132812], "orientation": "portrait"},
      "10":{"page":1,  "coords": [652.064013671875, 478.4645080566406, 978.0960205078126, 956.9290161132812], "orientation": "portrait"},
      "11":{"page":1,  "coords": [978.0960205078126, 478.4645080566406, 1304.12802734375, 956.9290161132812], "orientation": "portrait"},
      "12":{
            "page":1,  
            "coords": [1304.12802734375, 478.4645080566406, 1630.1600341796875, 940.9290161132812], 
            "orientation": "portrait",
            "columns": [
              {"coords": [1304, 478, 1400, 940]},
              {"coords": [1400, 478, 1630, 940]}
            ]
          },
      "13":{"page":2,  "coords": [0.0, 0.0, 345.9533284505208, 478.4645080566406], "orientation": "landscape"},
      "14":{"page":2,  "coords": [345.0320068359375, 0.0, 652.064013671875, 478.4645080566406], "orientation": "portrait"},
      "15":{"page":2,  "coords": [652.064013671875, 0.0, 978.0960205078126, 478.4645080566406], "orientation": "portrait"},
      "16":{"page":2,  "coords": [978.0960205078126, 0.0, 1304.12802734375, 478.4645080566406], "orientation": "portrait"},
      "17":{"page":2,  "coords": [1304.12802734375, 0.0, 1630.1600341796875, 478.4645080566406], "orientation": "portrait"},
      "18":{"page":2,  "coords": [0.0, 478.4645080566406, 326.0320068359375, 940.9290161132812], "orientation": "portrait"},
      "19":{"page":2,  "coords": [326.0320068359375, 478.4645080566406, 652.064013671875, 956.9290161132812], "orientation": "portrait"},
      "20":{"page":2,  "coords": [652.064013671875, 478.4645080566406, 978.0960205078126, 956.9290161132812], "orientation": "portrait"},
      "21":{"page":2,  "coords": [978.0960205078126, 478.4645080566406, 1304.12802734375, 940.9290161132812], "orientation": "portrait"},
      "22":{
            "page":2,  
            "coords": [1304.12802734375, 478.4645080566406, 1630.1600341796875, 940.9290161132812], 
            "orientation": "portrait",
            "columns": [
              {"coords": [1304, 478, 1400, 940]},
              {"coords": [1400, 478, 1630, 940]}
            ]   
        }
    },
    "panel_types": {
        "metadata": [1,2],
        "title_page_en": [3],
        "title_page_es": [13],
        "instructional_panels_en": [4, 5, 6, 7, 8, 10, 11, 12],
        "instructional_panels_es":[14, 15, 16, 17, 18, 19, 20, 22],
        "regulatory_panels_en": [12],
        "regulatory_panels_es": [22]
    }
}