{
    "description": "The 26-panel layout for documents like QR-IFU-111 R2",
    "panel_layout": {
      "1": {"page": 0, "coords": [0.0, 0.0, 353.739990234375, 500.64599609375], "orientation": "portrait"},
      "2": {"page": 0, "coords": [353.739990234375, 0.0,  707.47998046875, 500.64599609375], "orientation": "portrait"},
      "3": {"page":1,  "coords": [0.0, 0.0, 360.9533284505208, 480], "orientation": "landscape"},
      "4": {"page":1,  "coords": [360.9533284505208, 0.0, 645.9066569010416, 478.4645080566406], "orientation": "portrait"},
      "5": {"page":1,  "coords": [645.9066569010416, 0.0, 968.8599853515625, 478.4645080566406], "orientation": "portrait"},
      "6": {"page":1,  "coords": [968.8599853515625, 0.0, 1291.8133138020833, 478.4645080566406], "orientation": "portrait"},
      "7": {"page":1,  "coords": [1291.8133138020833, 0.0, 1614.766642252604, 478.4645080566406], "orientation": "portrait"},
      "8": {"page":1,  "coords": [1614.766642252604, 0.0, 1937.719970703125, 478.4645080566406], "orientation": "portrait"},
      "9": {
            "page":1,  
            "coords": [0.0, 478.4645080566406, 322.9533284505208, 940], 
            "orientation": "portrait",
            "columns": [
              {"coords":[0.0, 478, 200, 940]},
              {"coords": [200, 478, 322, 940]}
            ]
    },
      "10":{"page":1,  "coords": [322.9533284505208, 478.4645080566406, 645.9066569010416, 940.9290161132812], "orientation": "portrait"},
      "11":{"page":1,  "coords": [645.9066569010416, 478.4645080566406, 968.8599853515625, 956.9290161132812], "orientation": "portrait"},
      "12":{"page":1,  "coords": [968.8599853515625, 478.4645080566406, 1291.8133138020833, 956.9290161132812], "orientation": "portrait"},
      "13":{"page":1,  "coords": [1291.8133138020833, 478.4645080566406, 1614.766642252604, 956.9290161132812], "orientation": "portrait"},
      "14":{"page":1,  "coords": [1614.766642252604, 478.4645080566406, 1937.719970703125, 940.9290161132812], "orientation": "portrait"},
      "15":{"page":2,  "coords": [0.0, 0.0, 360.9533284505208, 478.4645080566406], "orientation": "landscape"},
      "16":{"page":2,  "coords": [360.9533284505208, 0.0, 645.9066569010416, 478.4645080566406], "orientation": "portrait"},
      "17":{"page":2,  "coords": [645.9066569010416, 0.0, 968.8599853515625, 478.4645080566406], "orientation": "portrait"},
      "18":{"page":2,  "coords": [968.8599853515625, 0.0, 1291.8133138020833, 478.4645080566406], "orientation": "portrait"},
      "19":{"page":2,  "coords": [1291.8133138020833, 0.0, 1614.766642252604, 478.4645080566406], "orientation": "portrait"},
      "20":{"page":2,  "coords": [1614.766642252604, 0.0, 1937.719970703125, 478.4645080566406], "orientation": "portrait"},
      "21":{
            "page":2,  
            "coords": [0.0, 478.4645080566406, 322.9533284505208, 940.9290161132812], 
            "orientation": "portrait",
            "columns": [
              {"coords":[0.0, 478, 200, 940]},
              {"coords": [200, 478, 322, 940]}
            ]
    },
      "22":{"page":2,  "coords": [322.9533284505208, 478.4645080566406, 645.9066569010416, 956.9290161132812], "orientation": "portrait"},
      "23":{"page":2,  "coords": [645.9066569010416, 478.4645080566406, 968.8599853515625, 956.9290161132812], "orientation": "portrait"},
      "24":{"page":2,  "coords": [968.8599853515625, 478.4645080566406, 1291.8133138020833, 956.9290161132812], "orientation": "portrait"},
      "25":{"page":2,  "coords": [1291.8133138020833, 478.4645080566406, 1614.766642252604, 956.9290161132812], "orientation": "portrait"},
      "26":{"page":2,  "coords": [1614.766642252604, 478.4645080566406, 1937.719970703125, 940.9290161132812], "orientation": "portrait"}
    
    },
    "panel_types": {
        "metadata": [1,2],
        "title_page_en": [3],
        "title_page_es": [15],
        "instructional_panels_en": [4, 5, 6, 7, 8, 10, 11, 12, 13, 14],
        "instructional_panels_es":[16, 17, 18, 19, 20, 22, 23, 24, 25, 26],
        "regulatory_panels_en": [9],
        "regulatory_panels_es": [21]
    }

    }
