{
    "description": "Auto-generated layout for DONOR_IFU-064_12PANEL",
    "panel_layout": {
        "1": {
            "page": 0,
            "coords": [
                0.0,
                0.0,
                353.739990234375,
                524.64599609375
            ],
            "orientation": "portrait",
            "columns": [
                {
                    "coords": [
                        56.18109893798828,
                        72.21580505371094,
                        269.8769073486328,
                        521.531982421875
                    ]
                },
                {
                    "coords": [
                        269.8769073486328,
                        72.21580505371094,
                        290.9310607910156,
                        521.531982421875
                    ]
                }
            ]
        },
        "2": {
            "page": 0,
            "coords": [
                353.739990234375,
                0.0,
                707.47998046875,
                524.64599609375
            ],
            "orientation": "portrait",
            "columns": [
                {
                    "coords": [
                        372.1573181152344,
                        72.21580505371094,
                        462.5160369873047,
                        521.531982421875
                    ]
                },
                {
                    "coords": [
                        462.5160369873047,
                        72.21580505371094,
                        500.6053161621094,
                        521.531982421875
                    ]
                },
                {
                    "coords": [
                        500.6053161621094,
                        72.21580505371094,
                        657.33935546875,
                        521.531982421875
                    ]
                }
            ]
        },
        "3": {
            "page": 1,
            "coords": [
                0.0,
                0.0,
                326.0320068359375,
                524.64599609375
            ],
            "orientation": "portrait"
        },
        "4": {
            "page": 1,
            "coords": [
                326.0320068359375,
                0.0,
                652.064013671875,
                524.64599609375
            ],
            "orientation": "portrait"
        },
        "5": {
            "page": 1,
            "coords": [
                652.064013671875,
                0.0,
                978.0960205078126,
                524.64599609375
            ],
            "orientation": "portrait"
        },
        "6": {
            "page": 1,
            "coords": [
                978.0960205078126,
                0.0,
                1304.12802734375,
                524.64599609375
            ],
            "orientation": "portrait",
            "columns": [
                {
                    "coords": [
                        997.2047119140625,
                        53.01078796386719,
                        1258.7296142578125,
                        435.4225769042969
                    ]
                },
                {
                    "coords": [
                        1258.7296142578125,
                        53.01078796386719,
                        1344.4285888671875,
                        435.4225769042969
                    ]
                }
            ]
        },
        "7": {
            "page": 1,
            "coords": [
                1304.12802734375,
                0.0,
                1630.1600341796875,
                524.64599609375
            ],
            "orientation": "portrait",
            "columns": [
                {
                    "coords": [
                        1301.588623046875,
                        53.01078796386719,
                        1331.090576171875,
                        521.531982421875
                    ]
                },
                {
                    "coords": [
                        1331.090576171875,
                        53.01078796386719,
                        1554.9761352539062,
                        521.531982421875
                    ]
                },
                {
                    "coords": [
                        1554.9761352539062,
                        53.01078796386719,
                        1580.0169677734375,
                        521.531982421875
                    ]
                }
            ]
        },
        "8": {
            "page": 2,
            "coords": [
                0.0,
                0.0,
                326.0320068359375,
                524.64599609375
            ],
            "orientation": "portrait",
            "columns": [
                {
                    "coords": [
                        56.18109893798828,
                        53.01078796386719,
                        101.53195190429688,
                        521.531982421875
                    ]
                },
                {
                    "coords": [
                        101.53195190429688,
                        53.01078796386719,
                        316.1048583984375,
                        521.531982421875
                    ]
                }
            ]
        },
        "9": {
            "page": 2,
            "coords": [
                326.0320068359375,
                0.0,
                652.064013671875,
                524.64599609375
            ],
            "orientation": "portrait",
            "columns": [
                {
                    "coords": [
                        380.4739990234375,
                        70.62079620361328,
                        438.7270050048828,
                        257.7308044433594
                    ]
                },
                {
                    "coords": [
                        438.7270050048828,
                        70.62079620361328,
                        632.3031616210938,
                        257.7308044433594
                    ]
                }
            ]
        },
        "10": {
            "page": 2,
            "coords": [
                652.064013671875,
                0.0,
                978.0960205078126,
                524.64599609375
            ],
            "orientation": "portrait",
            "columns": [
                {
                    "coords": [
                        685.58642578125,
                        75.6063003540039,
                        726.8742065429688,
                        434.8708190917969
                    ]
                },
                {
                    "coords": [
                        726.8742065429688,
                        75.6063003540039,
                        786.3119812011719,
                        434.8708190917969
                    ]
                },
                {
                    "coords": [
                        786.3119812011719,
                        75.6063003540039,
                        937.6746826171875,
                        434.8708190917969
                    ]
                }
            ]
        },
        "11": {
            "page": 2,
            "coords": [
                978.0960205078126,
                0.0,
                1304.12802734375,
                524.64599609375
            ],
            "orientation": "portrait",